﻿{
  "errors": [],
  "generated_at": "2025-10-28T10:51:11Z",
  "metrics": {
    ".\\config\\init.py": {
      "CONFIDENCE.HIGH": 0,
      "CONFIDENCE.LOW": 0,
      "CONFIDENCE.MEDIUM": 0,
      "CONFIDENCE.UNDEFINED": 0,
      "SEVERITY.HIGH": 0,
      "SEVERITY.LOW": 0,
      "SEVERITY.MEDIUM": 0,
      "SEVERITY.UNDEFINED": 0,
      "loc": 0,
      "nosec": 0,
      "skipped_tests": 0
    },
    ".\\config\\settings.py": {
      "CONFIDENCE.HIGH": 0,
      "CONFIDENCE.LOW": 0,
      "CONFIDENCE.MEDIUM": 0,
      "CONFIDENCE.UNDEFINED": 0,
      "SEVERITY.HIGH": 0,
      "SEVERITY.LOW": 0,
      "SEVERITY.MEDIUM": 0,
      "SEVERITY.UNDEFINED": 0,
      "loc": 10,
      "nosec": 0,
      "skipped_tests": 0
    },
    ".\\database\\init.py": {
      "CONFIDENCE.HIGH": 0,
      "CONFIDENCE.LOW": 0,
      "CONFIDENCE.MEDIUM": 0,
      "CONFIDENCE.UNDEFINED": 0,
      "SEVERITY.HIGH": 0,
      "SEVERITY.LOW": 0,
      "SEVERITY.MEDIUM": 0,
      "SEVERITY.UNDEFINED": 0,
      "loc": 0,
      "nosec": 0,
      "skipped_tests": 0
    },
    ".\\database\\models.py": {
      "CONFIDENCE.HIGH": 0,
      "CONFIDENCE.LOW": 0,
      "CONFIDENCE.MEDIUM": 0,
      "CONFIDENCE.UNDEFINED": 0,
      "SEVERITY.HIGH": 0,
      "SEVERITY.LOW": 0,
      "SEVERITY.MEDIUM": 0,
      "SEVERITY.UNDEFINED": 0,
      "loc": 158,
      "nosec": 0,
      "skipped_tests": 0
    },
    ".\\features\\environment.py": {
      "CONFIDENCE.HIGH": 0,
      "CONFIDENCE.LOW": 0,
      "CONFIDENCE.MEDIUM": 0,
      "CONFIDENCE.UNDEFINED": 0,
      "SEVERITY.HIGH": 0,
      "SEVERITY.LOW": 0,
      "SEVERITY.MEDIUM": 0,
      "SEVERITY.UNDEFINED": 0,
      "loc": 0,
      "nosec": 0,
      "skipped_tests": 0
    },
    ".\\features\\steps\\bot_steps.py": {
      "CONFIDENCE.HIGH": 0,
      "CONFIDENCE.LOW": 0,
      "CONFIDENCE.MEDIUM": 0,
      "CONFIDENCE.UNDEFINED": 0,
      "SEVERITY.HIGH": 0,
      "SEVERITY.LOW": 0,
      "SEVERITY.MEDIUM": 0,
      "SEVERITY.UNDEFINED": 0,
      "loc": 0,
      "nosec": 0,
      "skipped_tests": 0
    },
    ".\\handlers\\admin_commands.py": {
      "CONFIDENCE.HIGH": 0,
      "CONFIDENCE.LOW": 0,
      "CONFIDENCE.MEDIUM": 0,
      "CONFIDENCE.UNDEFINED": 0,
      "SEVERITY.HIGH": 0,
      "SEVERITY.LOW": 0,
      "SEVERITY.MEDIUM": 0,
      "SEVERITY.UNDEFINED": 0,
      "loc": 242,
      "nosec": 0,
      "skipped_tests": 0
    },
    ".\\handlers\\init.py": {
      "CONFIDENCE.HIGH": 0,
      "CONFIDENCE.LOW": 0,
      "CONFIDENCE.MEDIUM": 0,
      "CONFIDENCE.UNDEFINED": 0,
      "SEVERITY.HIGH": 0,
      "SEVERITY.LOW": 0,
      "SEVERITY.MEDIUM": 0,
      "SEVERITY.UNDEFINED": 0,
      "loc": 0,
      "nosec": 0,
      "skipped_tests": 0
    },
    ".\\handlers\\schedule_parser.py": {
      "CONFIDENCE.HIGH": 0,
      "CONFIDENCE.LOW": 0,
      "CONFIDENCE.MEDIUM": 0,
      "CONFIDENCE.UNDEFINED": 0,
      "SEVERITY.HIGH": 0,
      "SEVERITY.LOW": 0,
      "SEVERITY.MEDIUM": 0,
      "SEVERITY.UNDEFINED": 0,
      "loc": 24,
      "nosec": 0,
      "skipped_tests": 0
    },
    ".\\handlers\\student_commands.py": {
      "CONFIDENCE.HIGH": 0,
      "CONFIDENCE.LOW": 0,
      "CONFIDENCE.MEDIUM": 0,
      "CONFIDENCE.UNDEFINED": 0,
      "SEVERITY.HIGH": 0,
      "SEVERITY.LOW": 0,
      "SEVERITY.MEDIUM": 0,
      "SEVERITY.UNDEFINED": 0,
      "loc": 142,
      "nosec": 0,
      "skipped_tests": 0
    },
    ".\\load\\seed_db.py": {
      "CONFIDENCE.HIGH": 0,
      "CONFIDENCE.LOW": 0,
      "CONFIDENCE.MEDIUM": 0,
      "CONFIDENCE.UNDEFINED": 0,
      "SEVERITY.HIGH": 0,
      "SEVERITY.LOW": 0,
      "SEVERITY.MEDIUM": 0,
      "SEVERITY.UNDEFINED": 0,
      "loc": 20,
      "nosec": 0,
      "skipped_tests": 0
    },
    ".\\load\\server.py": {
      "CONFIDENCE.HIGH": 0,
      "CONFIDENCE.LOW": 0,
      "CONFIDENCE.MEDIUM": 0,
      "CONFIDENCE.UNDEFINED": 0,
      "SEVERITY.HIGH": 0,
      "SEVERITY.LOW": 0,
      "SEVERITY.MEDIUM": 0,
      "SEVERITY.UNDEFINED": 0,
      "loc": 128,
      "nosec": 0,
      "skipped_tests": 0
    },
    ".\\services\\init.py": {
      "CONFIDENCE.HIGH": 0,
      "CONFIDENCE.LOW": 0,
      "CONFIDENCE.MEDIUM": 0,
      "CONFIDENCE.UNDEFINED": 0,
      "SEVERITY.HIGH": 0,
      "SEVERITY.LOW": 0,
      "SEVERITY.MEDIUM": 0,
      "SEVERITY.UNDEFINED": 0,
      "loc": 0,
      "nosec": 0,
      "skipped_tests": 0
    },
    ".\\services\\scheduler.py": {
      "CONFIDENCE.HIGH": 0,
      "CONFIDENCE.LOW": 0,
      "CONFIDENCE.MEDIUM": 0,
      "CONFIDENCE.UNDEFINED": 0,
      "SEVERITY.HIGH": 0,
      "SEVERITY.LOW": 0,
      "SEVERITY.MEDIUM": 0,
      "SEVERITY.UNDEFINED": 0,
      "loc": 54,
      "nosec": 0,
      "skipped_tests": 0
    },
    ".\\tests\\conftest.py": {
      "CONFIDENCE.HIGH": 0,
      "CONFIDENCE.LOW": 0,
      "CONFIDENCE.MEDIUM": 0,
      "CONFIDENCE.UNDEFINED": 0,
      "SEVERITY.HIGH": 0,
      "SEVERITY.LOW": 0,
      "SEVERITY.MEDIUM": 0,
      "SEVERITY.UNDEFINED": 0,
      "loc": 28,
      "nosec": 0,
      "skipped_tests": 0
    },
    ".\\tests\\test_integration.py": {
      "CONFIDENCE.HIGH": 12,
      "CONFIDENCE.LOW": 0,
      "CONFIDENCE.MEDIUM": 0,
      "CONFIDENCE.UNDEFINED": 0,
      "SEVERITY.HIGH": 0,
      "SEVERITY.LOW": 12,
      "SEVERITY.MEDIUM": 0,
      "SEVERITY.UNDEFINED": 0,
      "loc": 189,
      "nosec": 0,
      "skipped_tests": 0
    },
    ".\\tests\\test_models.py": {
      "CONFIDENCE.HIGH": 15,
      "CONFIDENCE.LOW": 0,
      "CONFIDENCE.MEDIUM": 0,
      "CONFIDENCE.UNDEFINED": 0,
      "SEVERITY.HIGH": 0,
      "SEVERITY.LOW": 15,
      "SEVERITY.MEDIUM": 0,
      "SEVERITY.UNDEFINED": 0,
      "loc": 102,
      "nosec": 0,
      "skipped_tests": 0
    },
    ".\\tests\\test_models_validation.py": {
      "CONFIDENCE.HIGH": 3,
      "CONFIDENCE.LOW": 0,
      "CONFIDENCE.MEDIUM": 0,
      "CONFIDENCE.UNDEFINED": 0,
      "SEVERITY.HIGH": 0,
      "SEVERITY.LOW": 3,
      "SEVERITY.MEDIUM": 0,
      "SEVERITY.UNDEFINED": 0,
      "loc": 28,
      "nosec": 0,
      "skipped_tests": 0
    },
    "_totals": {
      "CONFIDENCE.HIGH": 30,
      "CONFIDENCE.LOW": 0,
      "CONFIDENCE.MEDIUM": 0,
      "CONFIDENCE.UNDEFINED": 0,
      "SEVERITY.HIGH": 0,
      "SEVERITY.LOW": 30,
      "SEVERITY.MEDIUM": 0,
      "SEVERITY.UNDEFINED": 0,
      "loc": 1125,
      "nosec": 0,
      "skipped_tests": 0
    }
  },
  "results": [
    {
      "code": "89             user_count = cursor.fetchone()[0]\n90             assert user_count == 2\n91             \n",
      "col_offset": 12,
      "end_col_offset": 34,
      "filename": ".\\tests\\test_integration.py",
      "issue_confidence": "HIGH",
      "issue_cwe": {
        "id": 703,
        "link": "https://cwe.mitre.org/data/definitions/703.html"
      },
      "issue_severity": "LOW",
      "issue_text": "Use of assert detected. The enclosed code will be removed when compiling to optimised byte code.",
      "line_number": 90,
      "line_range": [
        90
      ],
      "more_info": "https://bandit.readthedocs.io/en/1.7.8/plugins/b101_assert_used.html",
      "test_id": "B101",
      "test_name": "assert_used"
    },
    {
      "code": "93             event_count = cursor.fetchone()[0]\n94             assert event_count == 2\n95             \n",
      "col_offset": 12,
      "end_col_offset": 35,
      "filename": ".\\tests\\test_integration.py",
      "issue_confidence": "HIGH",
      "issue_cwe": {
        "id": 703,
        "link": "https://cwe.mitre.org/data/definitions/703.html"
      },
      "issue_severity": "LOW",
      "issue_text": "Use of assert detected. The enclosed code will be removed when compiling to optimised byte code.",
      "line_number": 94,
      "line_range": [
        94
      ],
      "more_info": "https://bandit.readthedocs.io/en/1.7.8/plugins/b101_assert_used.html",
      "test_id": "B101",
      "test_name": "assert_used"
    },
    {
      "code": "103             users_with_notifications = cursor.fetchall()\n104             assert len(users_with_notifications) == 1  # \u0422\u0456\u043b\u044c\u043a\u0438 \u043e\u0434\u0438\u043d \u043a\u043e\u0440\u0438\u0441\u0442\u0443\u0432\u0430\u0447 \u0437 \u0443\u0432\u0456\u043c\u043a\u043d\u0435\u043d\u0438\u043c\u0438 \u0441\u043f\u043e\u0432\u0456\u0449\u0435\u043d\u043d\u044f\u043c\u0438\n105             assert users_with_notifications[0][2] == '\u0422\u0435\u0441\u0442 \u041a\u043e\u0440\u0438\u0441\u0442\u0443\u0432\u0430\u0447 1'\n",
      "col_offset": 12,
      "end_col_offset": 53,
      "filename": ".\\tests\\test_integration.py",
      "issue_confidence": "HIGH",
      "issue_cwe": {
        "id": 703,
        "link": "https://cwe.mitre.org/data/definitions/703.html"
      },
      "issue_severity": "LOW",
      "issue_text": "Use of assert detected. The enclosed code will be removed when compiling to optimised byte code.",
      "line_number": 104,
      "line_range": [
        104
      ],
      "more_info": "https://bandit.readthedocs.io/en/1.7.8/plugins/b101_assert_used.html",
      "test_id": "B101",
      "test_name": "assert_used"
    },
    {
      "code": "104             assert len(users_with_notifications) == 1  # \u0422\u0456\u043b\u044c\u043a\u0438 \u043e\u0434\u0438\u043d \u043a\u043e\u0440\u0438\u0441\u0442\u0443\u0432\u0430\u0447 \u0437 \u0443\u0432\u0456\u043c\u043a\u043d\u0435\u043d\u0438\u043c\u0438 \u0441\u043f\u043e\u0432\u0456\u0449\u0435\u043d\u043d\u044f\u043c\u0438\n105             assert users_with_notifications[0][2] == '\u0422\u0435\u0441\u0442 \u041a\u043e\u0440\u0438\u0441\u0442\u0443\u0432\u0430\u0447 1'\n106             \n",
      "col_offset": 12,
      "end_col_offset": 86,
      "filename": ".\\tests\\test_integration.py",
      "issue_confidence": "HIGH",
      "issue_cwe": {
        "id": 703,
        "link": "https://cwe.mitre.org/data/definitions/703.html"
      },
      "issue_severity": "LOW",
      "issue_text": "Use of assert detected. The enclosed code will be removed when compiling to optimised byte code.",
      "line_number": 105,
      "line_range": [
        105
      ],
      "more_info": "https://bandit.readthedocs.io/en/1.7.8/plugins/b101_assert_used.html",
      "test_id": "B101",
      "test_name": "assert_used"
    },
    {
      "code": "115             events = cursor.fetchall()\n116             assert len(events) == 2\n117             assert events[0][3] == '\u041c\u0430\u0442\u0435\u043c\u0430\u0442\u0438\u043a\u0430'\n",
      "col_offset": 12,
      "end_col_offset": 35,
      "filename": ".\\tests\\test_integration.py",
      "issue_confidence": "HIGH",
      "issue_cwe": {
        "id": 703,
        "link": "https://cwe.mitre.org/data/definitions/703.html"
      },
      "issue_severity": "LOW",
      "issue_text": "Use of assert detected. The enclosed code will be removed when compiling to optimised byte code.",
      "line_number": 116,
      "line_range": [
        116
      ],
      "more_info": "https://bandit.readthedocs.io/en/1.7.8/plugins/b101_assert_used.html",
      "test_id": "B101",
      "test_name": "assert_used"
    },
    {
      "code": "116             assert len(events) == 2\n117             assert events[0][3] == '\u041c\u0430\u0442\u0435\u043c\u0430\u0442\u0438\u043a\u0430'\n118             assert events[1][3] == '\u0424\u0456\u0437\u0438\u043a\u0430'\n",
      "col_offset": 12,
      "end_col_offset": 57,
      "filename": ".\\tests\\test_integration.py",
      "issue_confidence": "HIGH",
      "issue_cwe": {
        "id": 703,
        "link": "https://cwe.mitre.org/data/definitions/703.html"
      },
      "issue_severity": "LOW",
      "issue_text": "Use of assert detected. The enclosed code will be removed when compiling to optimised byte code.",
      "line_number": 117,
      "line_range": [
        117
      ],
      "more_info": "https://bandit.readthedocs.io/en/1.7.8/plugins/b101_assert_used.html",
      "test_id": "B101",
      "test_name": "assert_used"
    },
    {
      "code": "117             assert events[0][3] == '\u041c\u0430\u0442\u0435\u043c\u0430\u0442\u0438\u043a\u0430'\n118             assert events[1][3] == '\u0424\u0456\u0437\u0438\u043a\u0430'\n119             \n",
      "col_offset": 12,
      "end_col_offset": 49,
      "filename": ".\\tests\\test_integration.py",
      "issue_confidence": "HIGH",
      "issue_cwe": {
        "id": 703,
        "link": "https://cwe.mitre.org/data/definitions/703.html"
      },
      "issue_severity": "LOW",
      "issue_text": "Use of assert detected. The enclosed code will be removed when compiling to optimised byte code.",
      "line_number": 118,
      "line_range": [
        118
      ],
      "more_info": "https://bandit.readthedocs.io/en/1.7.8/plugins/b101_assert_used.html",
      "test_id": "B101",
      "test_name": "assert_used"
    },
    {
      "code": "128             events_by_date = cursor.fetchall()\n129             assert len(events_by_date) == 2\n130             assert all(event[1] == '2025-09-16' for event in events_by_date)\n",
      "col_offset": 12,
      "end_col_offset": 43,
      "filename": ".\\tests\\test_integration.py",
      "issue_confidence": "HIGH",
      "issue_cwe": {
        "id": 703,
        "link": "https://cwe.mitre.org/data/definitions/703.html"
      },
      "issue_severity": "LOW",
      "issue_text": "Use of assert detected. The enclosed code will be removed when compiling to optimised byte code.",
      "line_number": 129,
      "line_range": [
        129
      ],
      "more_info": "https://bandit.readthedocs.io/en/1.7.8/plugins/b101_assert_used.html",
      "test_id": "B101",
      "test_name": "assert_used"
    },
    {
      "code": "129             assert len(events_by_date) == 2\n130             assert all(event[1] == '2025-09-16' for event in events_by_date)\n131             \n",
      "col_offset": 12,
      "end_col_offset": 76,
      "filename": ".\\tests\\test_integration.py",
      "issue_confidence": "HIGH",
      "issue_cwe": {
        "id": 703,
        "link": "https://cwe.mitre.org/data/definitions/703.html"
      },
      "issue_severity": "LOW",
      "issue_text": "Use of assert detected. The enclosed code will be removed when compiling to optimised byte code.",
      "line_number": 130,
      "line_range": [
        130
      ],
      "more_info": "https://bandit.readthedocs.io/en/1.7.8/plugins/b101_assert_used.html",
      "test_id": "B101",
      "test_name": "assert_used"
    },
    {
      "code": "164             # \u041f\u0435\u0440\u0435\u0432\u0456\u0440\u044f\u0454\u043c\u043e \u0440\u0435\u0437\u0443\u043b\u044c\u0442\u0430\u0442\n165             assert len(events) == 2\n166             assert events == test_data['events']\n",
      "col_offset": 12,
      "end_col_offset": 35,
      "filename": ".\\tests\\test_integration.py",
      "issue_confidence": "HIGH",
      "issue_cwe": {
        "id": 703,
        "link": "https://cwe.mitre.org/data/definitions/703.html"
      },
      "issue_severity": "LOW",
      "issue_text": "Use of assert detected. The enclosed code will be removed when compiling to optimised byte code.",
      "line_number": 165,
      "line_range": [
        165
      ],
      "more_info": "https://bandit.readthedocs.io/en/1.7.8/plugins/b101_assert_used.html",
      "test_id": "B101",
      "test_name": "assert_used"
    },
    {
      "code": "165             assert len(events) == 2\n166             assert events == test_data['events']\n167             \n",
      "col_offset": 12,
      "end_col_offset": 48,
      "filename": ".\\tests\\test_integration.py",
      "issue_confidence": "HIGH",
      "issue_cwe": {
        "id": 703,
        "link": "https://cwe.mitre.org/data/definitions/703.html"
      },
      "issue_severity": "LOW",
      "issue_text": "Use of assert detected. The enclosed code will be removed when compiling to optimised byte code.",
      "line_number": 166,
      "line_range": [
        166
      ],
      "more_info": "https://bandit.readthedocs.io/en/1.7.8/plugins/b101_assert_used.html",
      "test_id": "B101",
      "test_name": "assert_used"
    },
    {
      "code": "197                 mock_get_users.assert_called_once_with('\u041a\u0421-21')\n198                 assert mock_bot.send_message.called\n199 \n",
      "col_offset": 16,
      "end_col_offset": 51,
      "filename": ".\\tests\\test_integration.py",
      "issue_confidence": "HIGH",
      "issue_cwe": {
        "id": 703,
        "link": "https://cwe.mitre.org/data/definitions/703.html"
      },
      "issue_severity": "LOW",
      "issue_text": "Use of assert detected. The enclosed code will be removed when compiling to optimised byte code.",
      "line_number": 198,
      "line_range": [
        198
      ],
      "more_info": "https://bandit.readthedocs.io/en/1.7.8/plugins/b101_assert_used.html",
      "test_id": "B101",
      "test_name": "assert_used"
    },
    {
      "code": "72         # Assert: \u043f\u0435\u0440\u0435\u0432\u0456\u0440\u044f\u0454\u043c\u043e, \u0449\u043e \u0441\u0438\u0441\u0442\u0435\u043c\u0430 \u043a\u043e\u0440\u0435\u043a\u0442\u043d\u043e \u043f\u043e\u0432\u0435\u0440\u0442\u0430\u0454 \u0440\u043e\u0437\u043a\u043b\u0430\u0434\n73         assert len(events) == 2  # \u041c\u0430\u0454 \u0431\u0443\u0442\u0438 2 \u043f\u043e\u0434\u0456\u0457 \u0434\u043b\u044f \u0433\u0440\u0443\u043f\u0438 \u041a\u0421-21\n74         assert events[0][3] == '\u041c\u0430\u0442\u0435\u043c\u0430\u0442\u0438\u043a\u0430'  # title \u043f\u0435\u0440\u0448\u043e\u0457 \u043f\u043e\u0434\u0456\u0457\n",
      "col_offset": 8,
      "end_col_offset": 31,
      "filename": ".\\tests\\test_models.py",
      "issue_confidence": "HIGH",
      "issue_cwe": {
        "id": 703,
        "link": "https://cwe.mitre.org/data/definitions/703.html"
      },
      "issue_severity": "LOW",
      "issue_text": "Use of assert detected. The enclosed code will be removed when compiling to optimised byte code.",
      "line_number": 73,
      "line_range": [
        73
      ],
      "more_info": "https://bandit.readthedocs.io/en/1.7.8/plugins/b101_assert_used.html",
      "test_id": "B101",
      "test_name": "assert_used"
    },
    {
      "code": "73         assert len(events) == 2  # \u041c\u0430\u0454 \u0431\u0443\u0442\u0438 2 \u043f\u043e\u0434\u0456\u0457 \u0434\u043b\u044f \u0433\u0440\u0443\u043f\u0438 \u041a\u0421-21\n74         assert events[0][3] == '\u041c\u0430\u0442\u0435\u043c\u0430\u0442\u0438\u043a\u0430'  # title \u043f\u0435\u0440\u0448\u043e\u0457 \u043f\u043e\u0434\u0456\u0457\n75         assert events[1][3] == '\u0424\u0456\u0437\u0438\u043a\u0430'      # title \u0434\u0440\u0443\u0433\u043e\u0457 \u043f\u043e\u0434\u0456\u0457\n",
      "col_offset": 8,
      "end_col_offset": 53,
      "filename": ".\\tests\\test_models.py",
      "issue_confidence": "HIGH",
      "issue_cwe": {
        "id": 703,
        "link": "https://cwe.mitre.org/data/definitions/703.html"
      },
      "issue_severity": "LOW",
      "issue_text": "Use of assert detected. The enclosed code will be removed when compiling to optimised byte code.",
      "line_number": 74,
      "line_range": [
        74
      ],
      "more_info": "https://bandit.readthedocs.io/en/1.7.8/plugins/b101_assert_used.html",
      "test_id": "B101",
      "test_name": "assert_used"
    },
    {
      "code": "74         assert events[0][3] == '\u041c\u0430\u0442\u0435\u043c\u0430\u0442\u0438\u043a\u0430'  # title \u043f\u0435\u0440\u0448\u043e\u0457 \u043f\u043e\u0434\u0456\u0457\n75         assert events[1][3] == '\u0424\u0456\u0437\u0438\u043a\u0430'      # title \u0434\u0440\u0443\u0433\u043e\u0457 \u043f\u043e\u0434\u0456\u0457\n76         \n",
      "col_offset": 8,
      "end_col_offset": 45,
      "filename": ".\\tests\\test_models.py",
      "issue_confidence": "HIGH",
      "issue_cwe": {
        "id": 703,
        "link": "https://cwe.mitre.org/data/definitions/703.html"
      },
      "issue_severity": "LOW",
      "issue_text": "Use of assert detected. The enclosed code will be removed when compiling to optimised byte code.",
      "line_number": 75,
      "line_range": [
        75
      ],
      "more_info": "https://bandit.readthedocs.io/en/1.7.8/plugins/b101_assert_used.html",
      "test_id": "B101",
      "test_name": "assert_used"
    },
    {
      "code": "78         for event in events:\n79             assert len(event) == 6  # id, date, time, title, room, group_name\n80             assert event[5] == '\u041a\u0421-21'  # \u0412\u0441\u0456 \u043f\u043e\u0434\u0456\u0457 \u043c\u0430\u044e\u0442\u044c \u043d\u0430\u043b\u0435\u0436\u0430\u0442\u0438 \u0433\u0440\u0443\u043f\u0456 \u041a\u0421-21\n",
      "col_offset": 12,
      "end_col_offset": 34,
      "filename": ".\\tests\\test_models.py",
      "issue_confidence": "HIGH",
      "issue_cwe": {
        "id": 703,
        "link": "https://cwe.mitre.org/data/definitions/703.html"
      },
      "issue_severity": "LOW",
      "issue_text": "Use of assert detected. The enclosed code will be removed when compiling to optimised byte code.",
      "line_number": 79,
      "line_range": [
        79
      ],
      "more_info": "https://bandit.readthedocs.io/en/1.7.8/plugins/b101_assert_used.html",
      "test_id": "B101",
      "test_name": "assert_used"
    },
    {
      "code": "79             assert len(event) == 6  # id, date, time, title, room, group_name\n80             assert event[5] == '\u041a\u0421-21'  # \u0412\u0441\u0456 \u043f\u043e\u0434\u0456\u0457 \u043c\u0430\u044e\u0442\u044c \u043d\u0430\u043b\u0435\u0436\u0430\u0442\u0438 \u0433\u0440\u0443\u043f\u0456 \u041a\u0421-21\n81         \n",
      "col_offset": 12,
      "end_col_offset": 40,
      "filename": ".\\tests\\test_models.py",
      "issue_confidence": "HIGH",
      "issue_cwe": {
        "id": 703,
        "link": "https://cwe.mitre.org/data/definitions/703.html"
      },
      "issue_severity": "LOW",
      "issue_text": "Use of assert detected. The enclosed code will be removed when compiling to optimised byte code.",
      "line_number": 80,
      "line_range": [
        80
      ],
      "more_info": "https://bandit.readthedocs.io/en/1.7.8/plugins/b101_assert_used.html",
      "test_id": "B101",
      "test_name": "assert_used"
    },
    {
      "code": "96         # Assert: \u043f\u0435\u0440\u0435\u0432\u0456\u0440\u044f\u0454\u043c\u043e, \u0449\u043e \u0441\u0438\u0441\u0442\u0435\u043c\u0430 \u0437\u043d\u0430\u0445\u043e\u0434\u0438\u0442\u044c \u043a\u043e\u0440\u0438\u0441\u0442\u0443\u0432\u0430\u0447\u0456\u0432 \u0437 \u0443\u0432\u0456\u043c\u043a\u043d\u0435\u043d\u0438\u043c\u0438 \u0441\u043f\u043e\u0432\u0456\u0449\u0435\u043d\u043d\u044f\u043c\u0438\n97         assert len(users) == 1  # \u0422\u0456\u043b\u044c\u043a\u0438 \u043e\u0434\u0438\u043d \u043a\u043e\u0440\u0438\u0441\u0442\u0443\u0432\u0430\u0447 \u0437 \u0443\u0432\u0456\u043c\u043a\u043d\u0435\u043d\u0438\u043c\u0438 \u0441\u043f\u043e\u0432\u0456\u0449\u0435\u043d\u043d\u044f\u043c\u0438\n98         assert users[0][2] == '\u0406\u0432\u0430\u043d \u0406\u0432\u0430\u043d\u043e\u0432'  # full_name\n",
      "col_offset": 8,
      "end_col_offset": 30,
      "filename": ".\\tests\\test_models.py",
      "issue_confidence": "HIGH",
      "issue_cwe": {
        "id": 703,
        "link": "https://cwe.mitre.org/data/definitions/703.html"
      },
      "issue_severity": "LOW",
      "issue_text": "Use of assert detected. The enclosed code will be removed when compiling to optimised byte code.",
      "line_number": 97,
      "line_range": [
        97
      ],
      "more_info": "https://bandit.readthedocs.io/en/1.7.8/plugins/b101_assert_used.html",
      "test_id": "B101",
      "test_name": "assert_used"
    },
    {
      "code": "97         assert len(users) == 1  # \u0422\u0456\u043b\u044c\u043a\u0438 \u043e\u0434\u0438\u043d \u043a\u043e\u0440\u0438\u0441\u0442\u0443\u0432\u0430\u0447 \u0437 \u0443\u0432\u0456\u043c\u043a\u043d\u0435\u043d\u0438\u043c\u0438 \u0441\u043f\u043e\u0432\u0456\u0449\u0435\u043d\u043d\u044f\u043c\u0438\n98         assert users[0][2] == '\u0406\u0432\u0430\u043d \u0406\u0432\u0430\u043d\u043e\u0432'  # full_name\n99         assert users[0][4] == 1  # notifications_enabled = True\n",
      "col_offset": 8,
      "end_col_offset": 53,
      "filename": ".\\tests\\test_models.py",
      "issue_confidence": "HIGH",
      "issue_cwe": {
        "id": 703,
        "link": "https://cwe.mitre.org/data/definitions/703.html"
      },
      "issue_severity": "LOW",
      "issue_text": "Use of assert detected. The enclosed code will be removed when compiling to optimised byte code.",
      "line_number": 98,
      "line_range": [
        98
      ],
      "more_info": "https://bandit.readthedocs.io/en/1.7.8/plugins/b101_assert_used.html",
      "test_id": "B101",
      "test_name": "assert_used"
    },
    {
      "code": "98         assert users[0][2] == '\u0406\u0432\u0430\u043d \u0406\u0432\u0430\u043d\u043e\u0432'  # full_name\n99         assert users[0][4] == 1  # notifications_enabled = True\n100         \n",
      "col_offset": 8,
      "end_col_offset": 31,
      "filename": ".\\tests\\test_models.py",
      "issue_confidence": "HIGH",
      "issue_cwe": {
        "id": 703,
        "link": "https://cwe.mitre.org/data/definitions/703.html"
      },
      "issue_severity": "LOW",
      "issue_text": "Use of assert detected. The enclosed code will be removed when compiling to optimised byte code.",
      "line_number": 99,
      "line_range": [
        99
      ],
      "more_info": "https://bandit.readthedocs.io/en/1.7.8/plugins/b101_assert_used.html",
      "test_id": "B101",
      "test_name": "assert_used"
    },
    {
      "code": "102         user_ids = [user[0] for user in users]\n103         assert 987654321 not in user_ids  # \u041f\u0435\u0442\u0440\u043e \u041f\u0435\u0442\u0440\u0435\u043d\u043a\u043e \u043c\u0430\u0454 \u0432\u0438\u043c\u043a\u043d\u0435\u043d\u0456 \u0441\u043f\u043e\u0432\u0456\u0449\u0435\u043d\u043d\u044f\n104         \n",
      "col_offset": 8,
      "end_col_offset": 40,
      "filename": ".\\tests\\test_models.py",
      "issue_confidence": "HIGH",
      "issue_cwe": {
        "id": 703,
        "link": "https://cwe.mitre.org/data/definitions/703.html"
      },
      "issue_severity": "LOW",
      "issue_text": "Use of assert detected. The enclosed code will be removed when compiling to optimised byte code.",
      "line_number": 103,
      "line_range": [
        103
      ],
      "more_info": "https://bandit.readthedocs.io/en/1.7.8/plugins/b101_assert_used.html",
      "test_id": "B101",
      "test_name": "assert_used"
    },
    {
      "code": "119         # Assert: \u043f\u0435\u0440\u0435\u0432\u0456\u0440\u044f\u0454\u043c\u043e, \u0449\u043e \u0441\u0438\u0441\u0442\u0435\u043c\u0430 \u043a\u043e\u0440\u0435\u043a\u0442\u043d\u043e \u043f\u043e\u0432\u0435\u0440\u0442\u0430\u0454 \u043f\u043e\u0434\u0456\u0457 \u043d\u0430 \u0434\u0430\u0442\u0443\n120         assert len(events) == 2  # \u041c\u0430\u0454 \u0431\u0443\u0442\u0438 2 \u043f\u043e\u0434\u0456\u0457 \u043d\u0430 2025-09-16\n121         assert all(event[1] == '2025-09-16' for event in events)  # \u0412\u0441\u0456 \u043f\u043e\u0434\u0456\u0457 \u043c\u0430\u044e\u0442\u044c \u043f\u043e\u0442\u0440\u0456\u0431\u043d\u0443 \u0434\u0430\u0442\u0443\n",
      "col_offset": 8,
      "end_col_offset": 31,
      "filename": ".\\tests\\test_models.py",
      "issue_confidence": "HIGH",
      "issue_cwe": {
        "id": 703,
        "link": "https://cwe.mitre.org/data/definitions/703.html"
      },
      "issue_severity": "LOW",
      "issue_text": "Use of assert detected. The enclosed code will be removed when compiling to optimised byte code.",
      "line_number": 120,
      "line_range": [
        120
      ],
      "more_info": "https://bandit.readthedocs.io/en/1.7.8/plugins/b101_assert_used.html",
      "test_id": "B101",
      "test_name": "assert_used"
    },
    {
      "code": "120         assert len(events) == 2  # \u041c\u0430\u0454 \u0431\u0443\u0442\u0438 2 \u043f\u043e\u0434\u0456\u0457 \u043d\u0430 2025-09-16\n121         assert all(event[1] == '2025-09-16' for event in events)  # \u0412\u0441\u0456 \u043f\u043e\u0434\u0456\u0457 \u043c\u0430\u044e\u0442\u044c \u043f\u043e\u0442\u0440\u0456\u0431\u043d\u0443 \u0434\u0430\u0442\u0443\n122         \n",
      "col_offset": 8,
      "end_col_offset": 64,
      "filename": ".\\tests\\test_models.py",
      "issue_confidence": "HIGH",
      "issue_cwe": {
        "id": 703,
        "link": "https://cwe.mitre.org/data/definitions/703.html"
      },
      "issue_severity": "LOW",
      "issue_text": "Use of assert detected. The enclosed code will be removed when compiling to optimised byte code.",
      "line_number": 121,
      "line_range": [
        121
      ],
      "more_info": "https://bandit.readthedocs.io/en/1.7.8/plugins/b101_assert_used.html",
      "test_id": "B101",
      "test_name": "assert_used"
    },
    {
      "code": "124         event_dates = [event[1] for event in events]\n125         assert '2025-09-17' not in event_dates  # \u041f\u043e\u0434\u0456\u044f \u0437 17 \u0432\u0435\u0440\u0435\u0441\u043d\u044f \u043d\u0435 \u043c\u0430\u0454 \u0431\u0443\u0442\u0438 \u0432 \u0440\u0435\u0437\u0443\u043b\u044c\u0442\u0430\u0442\u0456\n126         \n",
      "col_offset": 8,
      "end_col_offset": 46,
      "filename": ".\\tests\\test_models.py",
      "issue_confidence": "HIGH",
      "issue_cwe": {
        "id": 703,
        "link": "https://cwe.mitre.org/data/definitions/703.html"
      },
      "issue_severity": "LOW",
      "issue_text": "Use of assert detected. The enclosed code will be removed when compiling to optimised byte code.",
      "line_number": 125,
      "line_range": [
        125
      ],
      "more_info": "https://bandit.readthedocs.io/en/1.7.8/plugins/b101_assert_used.html",
      "test_id": "B101",
      "test_name": "assert_used"
    },
    {
      "code": "141         # Assert: \u043f\u0435\u0440\u0435\u0432\u0456\u0440\u044f\u0454\u043c\u043e \u043a\u043e\u0440\u0435\u043a\u0442\u043d\u0456\u0441\u0442\u044c \u0444\u0456\u043b\u044c\u0442\u0440\u0430\u0446\u0456\u0457\n142         assert len(events) == 2  # \u0412\u0441\u0456 2 \u043f\u043e\u0434\u0456\u0457 \u041a\u0421-21 \u043d\u0430 \u0446\u044e \u0434\u0430\u0442\u0443\n143         assert all(event[1] == '2025-09-16' for event in events)\n",
      "col_offset": 8,
      "end_col_offset": 31,
      "filename": ".\\tests\\test_models.py",
      "issue_confidence": "HIGH",
      "issue_cwe": {
        "id": 703,
        "link": "https://cwe.mitre.org/data/definitions/703.html"
      },
      "issue_severity": "LOW",
      "issue_text": "Use of assert detected. The enclosed code will be removed when compiling to optimised byte code.",
      "line_number": 142,
      "line_range": [
        142
      ],
      "more_info": "https://bandit.readthedocs.io/en/1.7.8/plugins/b101_assert_used.html",
      "test_id": "B101",
      "test_name": "assert_used"
    },
    {
      "code": "142         assert len(events) == 2  # \u0412\u0441\u0456 2 \u043f\u043e\u0434\u0456\u0457 \u041a\u0421-21 \u043d\u0430 \u0446\u044e \u0434\u0430\u0442\u0443\n143         assert all(event[1] == '2025-09-16' for event in events)\n144         assert all(event[5] == '\u041a\u0421-21' for event in events)\n",
      "col_offset": 8,
      "end_col_offset": 64,
      "filename": ".\\tests\\test_models.py",
      "issue_confidence": "HIGH",
      "issue_cwe": {
        "id": 703,
        "link": "https://cwe.mitre.org/data/definitions/703.html"
      },
      "issue_severity": "LOW",
      "issue_text": "Use of assert detected. The enclosed code will be removed when compiling to optimised byte code.",
      "line_number": 143,
      "line_range": [
        143
      ],
      "more_info": "https://bandit.readthedocs.io/en/1.7.8/plugins/b101_assert_used.html",
      "test_id": "B101",
      "test_name": "assert_used"
    },
    {
      "code": "143         assert all(event[1] == '2025-09-16' for event in events)\n144         assert all(event[5] == '\u041a\u0421-21' for event in events)\n145         \n",
      "col_offset": 8,
      "end_col_offset": 61,
      "filename": ".\\tests\\test_models.py",
      "issue_confidence": "HIGH",
      "issue_cwe": {
        "id": 703,
        "link": "https://cwe.mitre.org/data/definitions/703.html"
      },
      "issue_severity": "LOW",
      "issue_text": "Use of assert detected. The enclosed code will be removed when compiling to optimised byte code.",
      "line_number": 144,
      "line_range": [
        144
      ],
      "more_info": "https://bandit.readthedocs.io/en/1.7.8/plugins/b101_assert_used.html",
      "test_id": "B101",
      "test_name": "assert_used"
    },
    {
      "code": "36     new_id = models.add_event(date=today, time=\"09:00\", title=\"\u041f\u0440\u043e\u0433\u0430\", room=\"101\", group_name=\"\u041a\u0421-21\")\n37     assert isinstance(new_id, int)\n38 \n",
      "col_offset": 4,
      "end_col_offset": 34,
      "filename": ".\\tests\\test_models_validation.py",
      "issue_confidence": "HIGH",
      "issue_cwe": {
        "id": 703,
        "link": "https://cwe.mitre.org/data/definitions/703.html"
      },
      "issue_severity": "LOW",
      "issue_text": "Use of assert detected. The enclosed code will be removed when compiling to optimised byte code.",
      "line_number": 37,
      "line_range": [
        37
      ],
      "more_info": "https://bandit.readthedocs.io/en/1.7.8/plugins/b101_assert_used.html",
      "test_id": "B101",
      "test_name": "assert_used"
    },
    {
      "code": "41     titles = {r[3] if isinstance(r, tuple) else r[\"title\"] for r in rows}\n42     assert \"\u041f\u0440\u043e\u0433\u0430\" in titles\n43 \n",
      "col_offset": 4,
      "end_col_offset": 33,
      "filename": ".\\tests\\test_models_validation.py",
      "issue_confidence": "HIGH",
      "issue_cwe": {
        "id": 703,
        "link": "https://cwe.mitre.org/data/definitions/703.html"
      },
      "issue_severity": "LOW",
      "issue_text": "Use of assert detected. The enclosed code will be removed when compiling to optimised byte code.",
      "line_number": 42,
      "line_range": [
        42
      ],
      "more_info": "https://bandit.readthedocs.io/en/1.7.8/plugins/b101_assert_used.html",
      "test_id": "B101",
      "test_name": "assert_used"
    },
    {
      "code": "48     users = models.get_users_for_group(\"\u041d\u0415\u0406\u0421\u041d\u0423\u042e\u0427\u0410\")\n49     assert users == [] or len(users) == 0\n",
      "col_offset": 4,
      "end_col_offset": 41,
      "filename": ".\\tests\\test_models_validation.py",
      "issue_confidence": "HIGH",
      "issue_cwe": {
        "id": 703,
        "link": "https://cwe.mitre.org/data/definitions/703.html"
      },
      "issue_severity": "LOW",
      "issue_text": "Use of assert detected. The enclosed code will be removed when compiling to optimised byte code.",
      "line_number": 49,
      "line_range": [
        49
      ],
      "more_info": "https://bandit.readthedocs.io/en/1.7.8/plugins/b101_assert_used.html",
      "test_id": "B101",
      "test_name": "assert_used"
    }
  ]
}
