{"version":"1.141.0","results":[],"errors":[],"paths":{"scanned":["venv_test\\pyvenv.cfg","venv_test\\Scripts\\activate","venv_test\\Scripts\\activate.bat","venv_test\\Scripts\\Activate.ps1","venv_test\\Scripts\\bandit-baseline.exe","venv_test\\Scripts\\bandit-config-generator.exe","venv_test\\Scripts\\bandit.exe","venv_test\\Scripts\\behave.exe","venv_test\\Scripts\\coverage-3.11.exe","venv_test\\Scripts\\coverage.exe","venv_test\\Scripts\\coverage3.exe","venv_test\\Scripts\\deactivate.bat","venv_test\\Scripts\\doesitcache.exe","venv_test\\Scripts\\dotenv.exe","venv_test\\Scripts\\fastapi.exe","venv_test\\Scripts\\glom.exe","venv_test\\Scripts\\httpx.exe","venv_test\\Scripts\\jsonschema.exe","venv_test\\Scripts\\markdown-it.exe","venv_test\\Scripts\\mcp.exe","venv_test\\Scripts\\nltk.exe","venv_test\\Scripts\\normalizer.exe","venv_test\\Scripts\\opentelemetry-bootstrap.exe","venv_test\\Scripts\\opentelemetry-instrument.exe","venv_test\\Scripts\\pip-audit.exe","venv_test\\Scripts\\pip.exe","venv_test\\Scripts\\pip3.11.exe","venv_test\\Scripts\\pip3.exe","venv_test\\Scripts\\pwiz.py","venv_test\\Scripts\\py.test.exe","venv_test\\Scripts\\pygmentize.exe","venv_test\\Scripts\\pysemgrep.exe","venv_test\\Scripts\\pytest.exe","venv_test\\Scripts\\python.exe","venv_test\\Scripts\\pythonw.exe","venv_test\\Scripts\\pywin32_postinstall.exe","venv_test\\Scripts\\pywin32_postinstall.py","venv_test\\Scripts\\pywin32_testall.exe","venv_test\\Scripts\\pywin32_testall.py","venv_test\\Scripts\\safety.exe","venv_test\\Scripts\\semgrep.exe","venv_test\\Scripts\\tqdm.exe","venv_test\\Scripts\\typer.exe","venv_test\\Scripts\\uvicorn.exe","venv_test\\share\\man\\man1\\bandit.1"]},"time":{"rules":[],"rules_parse_time":0.3451042175292969,"profiling_times":{"config_time":1.5052149295806885,"core_time":1.433333396911621,"ignores_time":0.0,"total_time":2.9385483264923096},"parsing_time":{"total_time":0.0,"per_file_time":{"mean":0.0,"std_dev":0.0},"very_slow_stats":{"time_ratio":0.0,"count_ratio":0.0},"very_slow_files":[]},"scanning_time":{"total_time":0.5744397640228272,"per_file_time":{"mean":0.0061767716561594325,"std_dev":0.001421896476228901},"very_slow_stats":{"time_ratio":0.0,"count_ratio":0.0},"very_slow_files":[]},"matching_time":{"total_time":0.0,"per_file_and_rule_time":{"mean":0.0,"std_dev":0.0},"very_slow_stats":{"time_ratio":0.0,"count_ratio":0.0},"very_slow_rules_on_files":[]},"tainting_time":{"total_time":0.0,"per_def_and_rule_time":{"mean":0.0,"std_dev":0.0},"very_slow_stats":{"time_ratio":0.0,"count_ratio":0.0},"very_slow_rules_on_defs":[]},"fixpoint_timeouts":[],"prefiltering":{"project_level_time":0.0,"file_level_time":0.0,"rules_with_project_prefilters_ratio":0.0,"rules_with_file_prefilters_ratio":0.994475138121547,"rules_selected_ratio":0.1712707182320442,"rules_matched_ratio":0.1712707182320442},"targets":[],"total_bytes":0,"max_memory_bytes":510211200},"engine_requested":"OSS","skipped_rules":[]}